base_path,spk_num,avg_utts,cer_mean,MOS_Quality_mean,MOS_Naturalness_mean
/mnt/Internal/ASR,569,3.51493848857645,2.6999126914751916,1.5772503654956818,1.34056375092268
